t,x,y,z,vx,vy,vz,ox,oy,oz,wx,wy,wz
0.0,0.01506528,17.13234,1.5659282,-0.05161037,-39.308598,-0.4085505,2.2031481,-0.0033361767,229.80296,-1.7851253,-39.294098,-2.1600592
0.0012531328,0.016690442,17.086315,1.5621152,-0.057117194,-39.20884,-0.4178412,2.204021,-0.0033636633,229.74033,-1.7988611,-39.186153,-2.1319845
0.0025062656,0.018309673,17.040295,1.5583098,-0.06254278,-39.10912,-0.4271936,2.2049942,-0.0033908554,229.67755,-1.8119094,-39.078785,-2.1046808
0.0037593986,0.019922655,16.994284,1.5545132,-0.06788731,-39.009457,-0.43660474,2.2060301,-0.0034177853,229.61455,-1.8242933,-38.972023,-2.07815
0.0050125313,0.021529231,16.948273,1.5507252,-0.07314991,-38.909874,-0.44607446,2.2071319,-0.0034443368,229.5513,-1.8360337,-38.865856,-2.052384
0.006265664,0.023129689,16.902267,1.5469451,-0.078330636,-38.81032,-0.45560297,2.208297,-0.003470714,229.48781,-1.8471571,-38.760254,-2.0273747
0.007518797,0.024723584,16.856268,1.543174,-0.08342773,-38.710865,-0.46518826,2.2095244,-0.003496844,229.42416,-1.8576787,-38.65523,-2.0031166
0.00877193,0.026310673,16.810272,1.5394112,-0.088442504,-38.61144,-0.4748294,2.2107956,-0.0035227742,229.3604,-1.8676152,-38.55076,-1.9795969
0.010025063,0.027891126,16.764301,1.5356584,-0.093374014,-38.512096,-0.48452672,2.212138,-0.003548449,229.29642,-1.8769867,-38.446896,-1.9568129
0.011278195,0.029464664,16.71834,1.5319134,-0.09822177,-38.412823,-0.49427843,2.2135136,-0.0035739194,229.23233,-1.8858058,-38.343525,-1.9347427
0.012531328,0.031031275,16.672388,1.5281795,-0.10298561,-38.31364,-0.50408345,2.2149546,-0.0035991524,229.16791,-1.8940878,-38.240707,-1.9133755
0.013784461,0.03259066,16.626463,1.5244534,-0.10766537,-38.214542,-0.5139417,2.2164178,-0.0036242646,229.10347,-1.9018453,-38.138374,-1.892696
0.015037594,0.034142945,16.580538,1.5207382,-0.11226143,-38.11553,-0.52385116,2.2179296,-0.0036492331,229.0388,-1.9090954,-38.036533,-1.8726851
0.016290726,0.035687894,16.534643,1.5170327,-0.1167726,-38.016598,-0.5338113,2.2194724,-0.0036740054,228.97406,-1.9158525,-37.93515,-1.8533306
0.01754386,0.037225403,16.488775,1.513337,-0.12120008,-37.917755,-0.5438227,2.2210622,-0.0036986002,228.90933,-1.9221299,-37.834236,-1.8346143
0.018796992,0.03875536,16.44293,1.5096513,-0.1255426,-37.81902,-0.55388266,2.2226624,-0.0037231448,228.84425,-1.927945,-37.733734,-1.8165166
0.020050125,0.040278,16.397114,1.5059755,-0.12980166,-37.72041,-0.5639917,2.2243264,-0.0037475862,228.77908,-1.9333131,-37.633644,-1.79902
0.021303259,0.041792497,16.351313,1.50231,-0.13397561,-37.621857,-0.5741488,2.225989,-0.0037717505,228.71379,-1.9382432,-37.533924,-1.7821022
0.02255639,0.0432993,16.305546,1.4986551,-0.13806708,-37.52345,-0.5843509,2.2276824,-0.0037959649,228.6485,-1.9427582,-37.434574,-1.7657478
0.023809524,0.044798326,16.259808,1.4950109,-0.14207372,-37.425137,-0.5946,2.2293975,-0.003820053,228.58286,-1.9468707,-37.335567,-1.7499386
0.025062656,0.046289288,16.214098,1.4913775,-0.14599672,-37.32694,-0.6048938,2.2311444,-0.0038441678,228.51732,-1.9505966,-37.236897,-1.7346526
0.02631579,0.047772326,16.168428,1.4877552,-0.14983691,-37.22886,-0.6152324,2.2329192,-0.0038681454,228.4517,-1.9539554,-37.138546,-1.7198763
0.027568921,0.04924698,16.122791,1.484143,-0.15359409,-37.130913,-0.6256127,2.2346735,-0.0038920445,228.38588,-1.9569594,-37.040478,-1.7055844
0.028822055,0.050713528,16.077187,1.4805423,-0.15726808,-37.03308,-0.6360366,2.236488,-0.003915945,228.32008,-1.9596252,-36.942665,-1.6917613
0.030075189,0.05217177,16.03162,1.4769517,-0.16085972,-36.935364,-0.64650196,2.2382998,-0.003939762,228.25409,-1.9619706,-36.845123,-1.6783886
0.03132832,0.05362157,15.986107,1.4733735,-0.16437022,-36.83781,-0.6570078,2.2401326,-0.0039635706,228.18808,-1.9640108,-36.747856,-1.665452
0.032581452,0.055063114,15.940612,1.4698054,-0.16779815,-36.74036,-0.66755444,2.241981,-0.0039873268,228.12198,-1.9657569,-36.65077,-1.6529244
0.033834588,0.056495916,15.895176,1.466249,-0.17114583,-36.643055,-0.678139,2.2438276,-0.0040110936,228.05583,-1.9672296,-36.553947,-1.6407986
0.03508772,0.057920367,15.849777,1.4627036,-0.17441294,-36.545902,-0.68876225,2.245692,-0.00403492,227.98965,-1.9684423,-36.457306,-1.6290506
0.03634085,0.059335947,15.804416,1.459169,-0.17759952,-36.44888,-0.69942254,2.2475886,-0.0040587,227.92331,-1.969405,-36.360847,-1.6176649
0.037593983,0.060743053,15.759111,1.4556469,-0.18070674,-36.35201,-0.71011955,2.2494676,-0.004082479,227.85698,-1.9701355,-36.264618,-1.6066302
0.03884712,0.062141147,15.713858,1.4521365,-0.18373543,-36.255314,-0.7208521,2.2513447,-0.0041063423,227.79066,-1.9706453,-36.16855,-1.5959283
0.04010025,0.06353053,15.668647,1.4486365,-0.18668558,-36.15875,-0.73161924,2.253264,-0.004130173,227.72421,-1.9709461,-36.072662,-1.5855412
0.041353382,0.06491107,15.6234865,1.4451486,-0.18955842,-36.062325,-0.7424206,2.2551775,-0.004154106,227.65773,-1.9710507,-35.97693,-1.5754566
0.042606518,0.06628273,15.578382,1.4416724,-0.19235459,-35.966064,-0.75325435,2.2571073,-0.004178051,227.5913,-1.9709694,-35.881367,-1.565661
0.04385965,0.06764542,15.533335,1.4382063,-0.19507416,-35.86997,-0.7641214,2.259043,-0.004202064,227.52472,-1.970712,-35.785954,-1.5561383
0.04511278,0.06899903,15.48833,1.4347532,-0.19771807,-35.774048,-0.77501875,2.2609823,-0.0042260974,227.45819,-1.9702883,-35.69068,-1.5468762
0.046365913,0.07034374,15.443396,1.4313127,-0.20028761,-35.678265,-0.7859468,2.2629328,-0.004250181,227.3916,-1.9697118,-35.5956,-1.5378649
0.04761905,0.07167921,15.398504,1.427881,-0.20278314,-35.582672,-0.796905,2.2648938,-0.004274331,227.32504,-1.9689842,-35.500618,-1.5290859
0.04887218,0.0730059,15.353682,1.4244624,-0.2052064,-35.487236,-0.8078919,2.266846,-0.004298654,227.2584,-1.9681191,-35.40581,-1.520533
0.050125312,0.074323095,15.308927,1.4210552,-0.20755552,-35.391983,-0.8189068,2.2688134,-0.004322926,227.19188,-1.967122,-35.31113,-1.5121932
0.051378448,0.07563116,15.264217,1.4176606,-0.20983452,-35.29688,-0.8299475,2.2707934,-0.004347273,227.12527,-1.9659973,-35.216614,-1.5040542
0.05263158,0.07693001,15.219578,1.4142773,-0.2120417,-35.201977,-0.8410152,2.272766,-0.004371781,227.05862,-1.9647554,-35.12223,-1.4961073
0.05388471,0.07821957,15.175008,1.4109049,-0.21417917,-35.10725,-0.85210896,2.274756,-0.0043963287,226.992,-1.9634016,-35.02802,-1.4883424
0.055137843,0.07949987,15.1305,1.4075452,-0.21624777,-35.01271,-0.86322576,2.2767472,-0.0044209594,226.92534,-1.9619387,-34.93393,-1.4807494
0.05639098,0.08077091,15.086061,1.4041961,-0.21824853,-34.918343,-0.8743663,2.2787356,-0.004445697,226.8587,-1.9603747,-34.839996,-1.4733194
0.05764411,0.082032576,15.041681,1.4008588,-0.22018182,-34.824165,-0.88553,2.2807472,-0.0044705356,226.79204,-1.9587117,-34.746212,-1.466042
0.058897242,0.083284825,14.997379,1.3975334,-0.2220488,-34.730175,-0.8967147,2.2827523,-0.0044954866,226.72551,-1.9569553,-34.65259,-1.458912
0.060150377,0.0845281,14.95315,1.3942199,-0.22385046,-34.636383,-0.9079211,2.2847736,-0.00452051,226.65895,-1.9551128,-34.559135,-1.451921
0.06140351,0.08576176,14.90898,1.3909161,-0.22558722,-34.542774,-0.9191478,2.2868028,-0.0045455983,226.5923,-1.9531804,-34.465797,-1.4450576
0.06265664,0.08698604,14.864893,1.3876256,-0.2272608,-34.449352,-0.9303928,2.2888296,-0.004570813,226.52573,-1.9511666,-34.372646,-1.4383194
0.06390978,0.08820112,14.820878,1.3843459,-0.22887173,-34.356155,-0.9416569,2.2908688,-0.004596161,226.45921,-1.9490756,-34.279663,-1.4316987
0.065162905,0.089406595,14.776932,1.3810778,-0.23042105,-34.26313,-0.95293707,2.292907,-0.004621605,226.39264,-1.9469057,-34.18685,-1.4251871
0.06641604,0.09060277,14.733065,1.3778212,-0.23190904,-34.1703,-0.9642352,2.2949662,-0.0046470836,226.32619,-1.9446619,-34.094193,-1.4187791
0.067669176,0.09178945,14.689275,1.3745755,-0.23333766,-34.077705,-0.9755476,2.2970006,-0.0046727043,226.25964,-1.9423475,-34.001728,-1.4124708
0.0689223,0.0929667,14.645562,1.3713422,-0.23470639,-33.98529,-0.98687565,2.2990782,-0.0046984106,226.19328,-1.9399644,-33.909443,-1.4062552
0.07017544,0.09413485,14.6019335,1.3681194,-0.23601858,-33.893063,-0.9982178,2.3011467,-0.004724279,226.12677,-1.9375155,-33.817337,-1.400128
0.071428575,0.09529333,14.558374,1.364908,-0.23727298,-33.801056,-1.0095723,2.3032,-0.004750193,226.06042,-1.9350007,-33.725414,-1.3940825
0.0726817,0.09644246,14.514903,1.3617077,-0.23847176,-33.70927,-1.0209395,2.3052845,-0.004776167,225.99414,-1.9324214,-33.63368,-1.3881154
0.07393484,0.097582266,14.4715185,1.3585184,-0.23961453,-33.617683,-1.0323166,2.3073628,-0.0048022843,225.92789,-1.9297837,-33.542164,-1.3822235
0.075187966,0.09871267,14.428211,1.355341,-0.24070384,-33.526325,-1.0437044,2.3094468,-0.00482849,225.86162,-1.9270855,-33.450817,-1.3764008
0.0764411,0.09983375,14.384994,1.352174,-0.24174094,-33.435154,-1.0551022,2.3115368,-0.004854769,225.7954,-1.9243299,-33.35968,-1.3706446
0.07769424,0.100945465,14.341847,1.3490175,-0.24272443,-33.344215,-1.0665077,2.3136537,-0.0048811547,225.7292,-1.9215161,-33.268738,-1.3649491
0.078947365,0.10204787,14.298796,1.345872,-0.24365759,-33.25347,-1.0779223,2.31574,-0.004907592,225.66298,-1.9186494,-33.17801,-1.359314
0.0802005,0.103141084,14.2558365,1.3427379,-0.24454057,-33.16294,-1.0893421,2.317835,-0.0049341996,225.59694,-1.9157311,-33.08749,-1.3537351
0.08145364,0.1042248,14.212958,1.3396145,-0.2453733,-33.072647,-1.1007687,2.3199387,-0.0049608243,225.53087,-1.9127587,-32.99718,-1.3482082
0.082706764,0.10529928,14.170164,1.3365022,-0.24615775,-32.98256,-1.1121997,2.3220656,-0.004987473,225.46484,-1.9097368,-32.907093,-1.3427309
0.0839599,0.1063646,14.127467,1.3334,-0.24689478,-32.89269,-1.1236341,2.3241825,-0.0050142524,225.39899,-1.906665,-32.81722,-1.3373021
0.085213035,0.10742082,14.084861,1.3303095,-0.24758564,-32.803043,-1.1350722,2.3262973,-0.005041046,225.33296,-1.903548,-32.727577,-1.3319176
0.08646616,0.10846762,14.042338,1.3272284,-0.2482306,-32.71362,-1.1465124,2.328426,-0.0050679394,225.26712,-1.9003807,-32.638145,-1.3265758
0.0877193,0.1095055,13.999913,1.3241582,-0.24883159,-32.624413,-1.1579545,2.3305326,-0.005094849,225.2013,-1.8971716,-32.54895,-1.3212743
0.08897243,0.11053396,13.957574,1.3210981,-0.24938768,-32.53544,-1.1693952,2.3326573,-0.00512184,225.13547,-1.8939153,-32.45996,-1.3160107
0.09022556,0.11155337,13.915328,1.3180491,-0.24990112,-32.44669,-1.1808374,2.3347807,-0.005148888,225.06989,-1.8906165,-32.371223,-1.3107829
0.0914787,0.11256381,13.873178,1.3150095,-0.2503729,-32.35814,-1.1922777,2.3369043,-0.005175924,225.00412,-1.8872755,-32.282703,-1.30559
0.092731826,0.11356522,13.831122,1.3119805,-0.2508038,-32.269844,-1.2037151,2.339026,-0.0052030548,224.93857,-1.8838975,-32.19442,-1.3004311
0.09398496,0.1145576,13.789161,1.3089621,-0.2511941,-32.181778,-1.2151494,2.3411393,-0.005230166,224.87296,-1.8804783,-32.106373,-1.2953035
0.0952381,0.1155409,13.747298,1.3059534,-0.25154492,-32.093933,-1.2265798,2.3432636,-0.005257322,224.80751,-1.8770205,-32.018566,-1.290206
0.096491225,0.11651542,13.705524,1.3029549,-0.25185773,-32.006306,-1.238006,2.3453932,-0.005284466,224.74208,-1.8735251,-31.930994,-1.2851372
0.09774436,0.11748096,13.663855,1.2999662,-0.25213224,-31.918905,-1.2494261,2.3475032,-0.005311599,224.67659,-1.8699951,-31.843666,-1.2800963
0.098997496,0.11843787,13.622278,1.2969873,-0.25237077,-31.831741,-1.2608386,2.3496253,-0.005338842,224.61122,-1.8664302,-31.756563,-1.2750816
0.100250624,0.11938575,13.580792,1.2940184,-0.25257283,-31.744806,-1.2722435,2.3517463,-0.0053660097,224.54594,-1.8628296,-31.6697,-1.2700914
0.10150376,0.12032486,13.539415,1.2910589,-0.25273973,-31.658098,-1.2836409,2.3538542,-0.005393146,224.48076,-1.8591979,-31.583101,-1.2651262
0.102756895,0.121255465,13.498124,1.2881087,-0.25287294,-31.571611,-1.295029,2.3559594,-0.005420307,224.4155,-1.8555329,-31.496712,-1.2601835
0.10401002,0.12217734,13.456949,1.2851694,-0.25297245,-31.48537,-1.3064073,2.3580575,-0.0054474995,224.35033,-1.8518419,-31.410604,-1.2552662
0.10526316,0.12309038,13.415858,1.2822388,-0.2530392,-31.399359,-1.3177737,2.3601496,-0.005474599,224.2853,-1.8481183,-31.3247,-1.2503686
0.10651629,0.1239951,13.374876,1.279317,-0.2530737,-31.313566,-1.3291283,2.3622637,-0.0055016503,224.22029,-1.8443662,-31.239052,-1.2454932
0.10776942,0.12489118,13.333995,1.2764058,-0.25307754,-31.227997,-1.3404697,2.3643458,-0.005528643,224.15536,-1.8405877,-31.153679,-1.2406384
0.10902256,0.12577884,13.29321,1.2735031,-0.25305057,-31.142675,-1.3517988,2.3664238,-0.0055555697,224.09041,-1.8367816,-31.068516,-1.2358031
0.110275686,0.126658,13.25253,1.2706089,-0.2529945,-31.05757,-1.3631127,2.3684924,-0.005582442,224.0256,-1.8329501,-30.983595,-1.2309871
0.11152882,0.12752877,13.211951,1.2677249,-0.2529095,-30.972704,-1.3744104,2.3705535,-0.0056092697,223.96068,-1.8290946,-30.898933,-1.2261908
0.11278196,0.12839161,13.171471,1.2648497,-0.2527972,-30.888088,-1.385693,2.3726065,-0.0056360103,223.89598,-1.8252172,-30.814499,-1.2214127
0.114035085,0.12924583,13.131092,1.2619835,-0.25265607,-30.803669,-1.3969586,2.3746583,-0.005662692,223.83128,-1.8213153,-30.730316,-1.216653
0.11528822,0.13009197,13.090816,1.2591263,-0.25248918,-30.719522,-1.408207,2.376691,-0.005689283,223.76662,-1.8173925,-30.646378,-1.2119104
0.116541356,0.13093005,13.050645,1.2562782,-0.25229648,-30.635557,-1.4194357,2.3787181,-0.0057157455,223.7019,-1.8134506,-30.562689,-1.2071862
0.117794484,0.13176,13.010577,1.2534385,-0.2520785,-30.551865,-1.4306451,2.3807342,-0.005742127,223.63742,-1.8094883,-30.47923,-1.2024794
0.11904762,0.13258192,12.970607,1.250607,-0.2518361,-30.46839,-1.441835,2.3827305,-0.00576834,223.57285,-1.8055047,-30.396011,-1.1977873
0.120300755,0.13339593,12.930743,1.2477845,-0.25156942,-30.385136,-1.4530034,2.3847184,-0.005794536,223.50839,-1.8015057,-30.31304,-1.1931136
0.12155388,0.13420205,12.89099,1.2449703,-0.25128025,-30.30213,-1.4641502,2.386713,-0.005820535,223.44398,-1.7974894,-30.2303,-1.188456
0.12280702,0.13500032,12.851338,1.2421643,-0.25096717,-30.219343,-1.475276,2.3886716,-0.0058464035,223.37964,-1.7934556,-30.14782,-1.1838137
0.12406015,0.13579069,12.811793,1.2393674,-0.2506337,-30.136797,-1.4863759,2.3906271,-0.0058721257,223.31528,-1.7894082,-30.065586,-1.1791888
0.12531328,0.13657351,12.772346,1.236579,-0.25027832,-30.05448,-1.4974524,2.39256,-0.005897673,223.25096,-1.7853458,-29.98356,-1.1745789
0.12656641,0.1373485,12.733005,1.2337983,-0.24990256,-29.97239,-1.508504,2.3944924,-0.005923099,223.18687,-1.7812676,-29.901789,-1.1699841
0.12781955,0.13811624,12.693765,1.2310258,-0.24950656,-29.890533,-1.5195304,2.3963847,-0.0059483396,223.12263,-1.7771785,-29.82025,-1.165405
0.12907268,0.138876,12.654634,1.2282614,-0.24909125,-29.8089,-1.5305309,2.3982925,-0.00597339,223.05852,-1.7730755,-29.738947,-1.1608416
0.13032581,0.1396286,12.61561,1.2255045,-0.24865665,-29.7275,-1.5415034,2.4001822,-0.005998243,222.99445,-1.7689617,-29.657875,-1.1562928
0.13157895,0.14037386,12.576691,1.2227558,-0.24820505,-29.64632,-1.5524482,2.4020314,-0.0060229967,222.93036,-1.7648375,-29.577051,-1.1517602
0.13283208,0.14111167,12.537879,1.2200159,-0.24773495,-29.565378,-1.5633646,2.4038918,-0.0060474863,222.86632,-1.7607039,-29.496458,-1.147243
0.13408521,0.1418422,12.499171,1.2172822,-0.24724717,-29.484669,-1.5742515,2.405708,-0.0060717966,222.80228,-1.7565594,-29.416098,-1.14274
0.13533835,0.1425655,12.460566,1.2145572,-0.24674429,-29.404173,-1.58511,2.4075332,-0.00609584,222.73837,-1.7524058,-29.335957,-1.1382512
0.13659148,0.14328173,12.422071,1.21184,-0.24622384,-29.323915,-1.595935,2.4093373,-0.0061197476,222.67448,-1.7482455,-29.256075,-1.1337793
0.1378446,0.14399114,12.383676,1.2091298,-0.2456898,-29.24389,-1.6067313,2.4111226,-0.0061433357,222.6106,-1.7440779,-29.176394,-1.1293205
0.13909775,0.14469309,12.345393,1.2064279,-0.24513908,-29.1641,-1.6174947,2.4128716,-0.006166773,222.54681,-1.7399027,-29.096954,-1.1248776
0.14035088,0.14538857,12.307213,1.2037328,-0.24457492,-29.084517,-1.628225,2.4146092,-0.0061899656,222.48294,-1.7357218,-29.017742,-1.1204488
0.141604,0.14607698,12.269146,1.201045,-0.24399674,-29.005163,-1.6389226,2.4163496,-0.0062129316,222.41919,-1.7315371,-28.93877,-1.1160359
0.14285715,0.14675881,12.231167,1.1983654,-0.24340537,-28.926039,-1.6495858,2.418047,-0.006235613,222.35544,-1.7273448,-28.859995,-1.1116356
0.14411028,0.14743367,12.19331,1.1956917,-0.24280098,-28.847153,-1.6602162,2.4197373,-0.006258064,222.29176,-1.7231491,-28.781462,-1.1072509
0.1453634,0.14810188,12.155557,1.1930251,-0.24218379,-28.76846,-1.6708101,2.4214199,-0.006280206,222.22807,-1.7189497,-28.70315,-1.1028816
0.14661653,0.14876366,12.117907,1.1903671,-0.24155588,-28.690031,-1.6813681,2.423054,-0.0063022007,222.16446,-1.7147479,-28.625061,-1.0985261
0.14786968,0.14941879,12.080366,1.1877155,-0.2409147,-28.611805,-1.6918906,2.4247046,-0.006323789,222.10083,-1.7105432,-28.547209,-1.0941856
0.1491228,0.15006758,12.042926,1.18507,-0.24026394,-28.533802,-1.702376,2.4263017,-0.0063451394,222.03737,-1.7063353,-28.46955,-1.0898592
0.15037593,0.15070966,12.005596,1.1824322,-0.23960109,-28.456026,-1.7128235,2.4279196,-0.006366244,221.97383,-1.7021261,-28.392134,-1.0855473
0.15162908,0.15134586,11.968375,1.1798016,-0.23892902,-28.378475,-1.7232322,2.4294713,-0.006386989,221.9103,-1.6979172,-28.314934,-1.0812504
0.1528822,0.15197572,11.93126,1.1771766,-0.23824728,-28.301138,-1.7336038,2.4310253,-0.0064075105,221.84692,-1.6937078,-28.237947,-1.076968
0.15413533,0.15259914,11.894243,1.1745588,-0.23755501,-28.224012,-1.7439356,2.4325793,-0.0064276564,221.78339,-1.6894965,-28.161167,-1.072699
0.15538847,0.1532167,11.857333,1.1719482,-0.23685482,-28.14713,-1.7542284,2.4340928,-0.0064475895,221.71997,-1.6852858,-28.08462,-1.0684446
0.1566416,0.15382813,11.820536,1.1693435,-0.23614621,-28.070456,-1.7644807,2.4355948,-0.006467193,221.65652,-1.6810774,-28.00829,-1.0642052
0.15789473,0.1544335,11.783845,1.1667457,-0.23542966,-27.994005,-1.7746923,2.4370737,-0.006486396,221.59323,-1.6768699,-27.932169,-1.0599805
0.15914787,0.15503281,11.747253,1.1641542,-0.23470369,-27.917768,-1.7848629,2.438551,-0.006505365,221.52983,-1.6726627,-27.856237,-1.0557688
0.160401,0.15562679,11.71077,1.1615692,-0.23397261,-27.84174,-1.7949921,2.4399824,-0.0065240297,221.46655,-1.6684599,-27.780552,-1.0515726
0.16165413,0.15621461,11.674393,1.158991,-0.23323293,-27.765955,-1.8050785,2.4414024,-0.0065423273,221.40334,-1.6642588,-27.70505,-1.0473899
0.16290727,0.15679677,11.638121,1.1564187,-0.23248786,-27.69037,-1.8151243,2.4428213,-0.006560312,221.3399,-1.6600614,-27.629782,-1.0432218
0.1641604,0.15737323,11.601953,1.1538516,-0.23173547,-27.615013,-1.8251262,2.4442024,-0.0065779323,221.27666,-1.6558656,-27.554695,-1.0390669
0.16541353,0.1579444,11.565892,1.1512915,-0.23097767,-27.53987,-1.8350836,2.4455683,-0.0065952707,221.21355,-1.6516755,-27.479832,-1.0349274
0.16666667,0.15850961,11.529939,1.1487386,-0.23021401,-27.464947,-1.8449979,2.4469185,-0.006612214,221.15027,-1.64749,-27.405195,-1.0308017
0.1679198,0.15906946,11.494083,1.1461908,-0.22944577,-27.390219,-1.8548694,2.4482594,-0.006628821,221.087,-1.6433069,-27.33073,-1.0266892
0.16917293,0.15962414,11.45834,1.1436493,-0.22867139,-27.315716,-1.864696,2.4495766,-0.006645137,221.0239,-1.6391317,-27.256498,-1.0225917
0.17042607,0.16017343,11.422707,1.1411127,-0.22789346,-27.241432,-1.8744756,2.4508681,-0.006661034,220.96065,-1.6349612,-27.182468,-1.0185081
0.1716792,0.16071722,11.387164,1.1385825,-0.22710998,-27.167358,-1.884212,2.4521623,-0.006676667,220.89749,-1.6307945,-27.108618,-1.0144371
0.17293233,0.16125605,11.351735,1.1360586,-0.22632279,-27.093489,-1.893903,2.453413,-0.006691884,220.83437,-1.6266363,-27.034985,-1.0103815
0.17418547,0.16178958,11.316403,1.1335411,-0.22553225,-27.019836,-1.9035472,2.4546719,-0.0067067966,220.77122,-1.6224825,-26.961552,-1.0063384
0.1754386,0.1623181,11.28118,1.1310276,-0.22473781,-26.9464,-1.9131452,2.455899,-0.006721305,220.70827,-1.6183355,-26.888315,-1.0023094
0.17669173,0.16284159,11.246064,1.128521,-0.22394076,-26.873146,-1.9226972,2.4571137,-0.006735504,220.64499,-1.614197,-26.8153,-0.99829435
0.17794485,0.16336003,11.211054,1.1260197,-0.22313997,-26.800125,-1.9322021,2.4583287,-0.0067493296,220.58206,-1.6100656,-26.742468,-0.99429286
0.179198,0.16387372,11.176136,1.1235237,-0.22233829,-26.727327,-1.9416586,2.4594982,-0.006762702,220.51901,-1.6059412,-26.669825,-0.99030423
0.18045112,0.16438243,11.141323,1.1210331,-0.2215318,-26.654697,-1.9510696,2.460675,-0.0067758462,220.45592,-1.6018242,-26.597372,-0.9863285
0.18170425,0.16488637,11.106625,1.1185486,-0.22072515,-26.582317,-1.960433,2.4618192,-0.0067885476,220.39291,-1.5977172,-26.52515,-0.9823676
0.1829574,0.1653856,11.072019,1.1160694,-0.21991555,-26.510115,-1.9697475,2.4629588,-0.006800896,220.32999,-1.5936171,-26.45309,-0.9784187
0.18421052,0.16588031,11.037522,1.1135948,-0.21910468,-26.438137,-1.9790133,2.464079,-0.0068129264,220.26695,-1.5895269,-26.381239,-0.97448325
0.18546365,0.16636996,11.003126,1.111126,-0.21829158,-26.366343,-1.9882318,2.4652,-0.0068245446,220.20403,-1.585444,-26.30957,-0.9705609
0.1867168,0.16685547,10.968835,1.1086622,-0.21747823,-26.294765,-1.9974012,2.4662995,-0.006835802,220.141,-1.5813731,-26.238108,-0.9666523
0.18796992,0.16733626,10.934639,1.1062043,-0.21666352,-26.223387,-2.0065215,2.4673984,-0.0068467683,220.07806,-1.5773088,-26.166838,-0.9627554
0.18922305,0.16781235,10.900554,1.1037514,-0.21584797,-26.152214,-2.0155938,2.468461,-0.0068572364,220.01512,-1.5732555,-26.095758,-0.95887196
0.1904762,0.16828439,10.866569,1.1013031,-0.2150328,-26.081255,-2.0246146,2.4695039,-0.006867456,219.95216,-1.5692133,-26.024872,-0.9550017
0.19172932,0.16875196,10.83268,1.0988611,-0.21421564,-26.010492,-2.0335877,2.4705508,-0.0068772584,219.88934,-1.5651795,-25.954168,-0.9511431
0.19298245,0.16921555,10.798898,1.0964228,-0.21339977,-25.939915,-2.042511,2.47159,-0.0068867034,219.82642,-1.561159,-25.883663,-0.9472976
0.1942356,0.16967441,10.765211,1.0939903,-0.21258327,-25.86956,-2.0513847,2.4726176,-0.0068957633,219.76352,-1.5571456,-25.813335,-0.943464
0.19548872,0.17012936,10.731631,1.0915626,-0.21176767,-25.799385,-2.0602076,2.4736223,-0.0069044526,219.70064,-1.5531449,-25.743193,-0.93964326
0.19674185,0.17058018,10.698149,1.08914,-0.2109519,-25.729418,-2.068981,2.4746277,-0.0069128806,219.6378,-1.5491556,-25.673235,-0.9358348
0.19799499,0.17102684,10.664764,1.086722,-0.21013632,-25.65964,-2.077704,2.4756162,-0.006920819,219.57489,-1.5451773,-25.60347,-0.93203765
0.19924812,0.17146915,10.631487,1.0843087,-0.20932248,-25.590075,-2.0863764,2.4765918,-0.0069284085,219.51218,-1.5412089,-25.533888,-0.92825276
0.20050125,0.17190765,10.598305,1.0819007,-0.20850855,-25.52071,-2.095,2.4775608,-0.0069355816,219.44922,-1.5372533,-25.464487,-0.9244801
0.20175439,0.1723423,10.565228,1.0794975,-0.20769735,-25.451513,-2.1035714,2.4785175,-0.006942511,219.38638,-1.5333105,-25.395292,-0.9207202
0.20300752,0.17277311,10.532243,1.077099,-0.20688643,-25.38252,-2.112094,2.479476,-0.0069489586,219.3237,-1.5293788,-25.326263,-0.91697055
0.20426065,0.17320004,10.499356,1.0747043,-0.2060768,-25.313738,-2.120565,2.4804125,-0.006955183,219.2608,-1.5254588,-25.257414,-0.9132323
0.20551379,0.1736229,10.466572,1.0723155,-0.20526831,-25.245132,-2.128984,2.4813392,-0.006960972,219.19798,-1.52155,-25.188751,-0.9095059
0.20676692,0.17404225,10.433886,1.0699302,-0.20446245,-25.176733,-2.1373541,2.4822822,-0.006966405,219.1353,-1.517655,-25.120262,-0.9057911
0.20802005,0.17445771,10.4012985,1.0675505,-0.20365733,-25.108515,-2.1456728,2.483186,-0.0069715143,219.07263,-1.5137715,-25.051966,-0.9020873
0.20927317,0.17486961,10.368809,1.0651743,-0.20285523,-25.040487,-2.1539407,2.4840899,-0.0069762403,219.0098,-1.5099024,-24.983837,-0.89839524
0.21052632,0.17527787,10.336417,1.0628034,-0.20205489,-24.972658,-2.1621573,2.4849808,-0.006980605,218.94711,-1.5060449,-24.9159,-0.8947132
0.21177945,0.17568235,10.30412,1.0604368,-0.20125575,-24.905027,-2.1703236,2.4858866,-0.006984703,218.88432,-1.5021987,-24.848131,-0.89104235
0.21303257,0.17608327,10.271926,1.0580747,-0.20046027,-24.837572,-2.1784382,2.4867637,-0.0069883876,218.8216,-1.4983674,-24.780546,-0.8873826
0.21428572,0.17648092,10.239816,1.055717,-0.19966626,-24.770298,-2.1865034,2.4876468,-0.0069916435,218.7589,-1.4945471,-24.713121,-0.8837327
0.21553884,0.17687494,10.207814,1.0533638,-0.1988765,-24.703232,-2.1945155,2.4885197,-0.0069947075,218.69632,-1.4907411,-24.645891,-0.8800938
0.21679197,0.17726551,10.1759,1.0510143,-0.19808826,-24.636343,-2.2024791,2.4893742,-0.0069972943,218.63362,-1.4869475,-24.578829,-0.8764649
0.21804512,0.1776527,10.144083,1.048669,-0.19730264,-24.56964,-2.2103908,2.4902596,-0.0069996077,218.57104,-1.4831659,-24.511934,-0.8728459
0.21929824,0.17803659,10.112369,1.0463289,-0.19651982,-24.503117,-2.2182498,2.4910884,-0.007001548,218.5085,-1.479401,-24.445238,-0.86923873
0.22055137,0.17841695,10.08074,1.0439926,-0.19574018,-24.436777,-2.2260606,2.4919534,-0.007003263,218.4458,-1.4756467,-24.378696,-0.8656399
0.22180451,0.17879415,10.049211,1.0416608,-0.19496317,-24.370619,-2.2338202,2.4927847,-0.0070044347,218.38329,-1.4719064,-24.312332,-0.86205184
0.22305764,0.17916808,10.017774,1.0393325,-0.19418952,-24.304651,-2.2415287,2.4936268,-0.0070054526,218.32063,-1.468179,-24.246132,-0.85847265
0.22431077,0.1795388,9.986441,1.037009,-0.19341962,-24.238867,-2.2491853,2.4944434,-0.007006036,218.25801,-1.4644674,-24.180136,-0.85490507
0.22556391,0.17990619,9.955184,1.0346897,-0.19265223,-24.173273,-2.2567916,2.4952807,-0.0070064114,218.19556,-1.4607655,-24.114262,-0.85134476
0.22681704,0.18027058,9.924036,1.032374,-0.19188884,-24.107841,-2.2643483,2.4961083,-0.0070062736,218.13303,-1.4570798,-24.048605,-0.84779537
0.22807017,0.18063192,9.892969,1.0300629,-0.19112867,-24.042599,-2.271853,2.4969096,-0.007005935,218.07051,-1.4534062,-23.983086,-0.8442543
0.22932331,0.18099001,9.8619995,1.0277557,-0.19037129,-23.977526,-2.2793095,2.4977374,-0.007005275,218.00804,-1.4497464,-23.91775,-0.84072226
0.23057644,0.18134513,9.831125,1.0254529,-0.18961857,-23.91264,-2.2867136,2.4985373,-0.0070042927,217.94556,-1.4461013,-23.85258,-0.8372005
0.23182957,0.1816973,9.800341,1.0231538,-0.18886858,-23.84792,-2.2940688,2.4993489,-0.0070029623,217.88312,-1.4424688,-23.787586,-0.83368754
0.23308271,0.18204619,9.769647,1.0208589,-0.18812153,-23.78339,-2.3013735,2.5001519,-0.007001369,217.82068,-1.4388491,-23.722752,-0.8301825
0.23433584,0.1823925,9.739044,1.0185672,-0.18738021,-23.71904,-2.3086283,2.5009522,-0.0069994973,217.75826,-1.4352435,-23.658085,-0.8266867
0.23558897,0.18273573,9.708541,1.0162799,-0.18664213,-23.654861,-2.3158317,2.501732,-0.0069971834,217.69586,-1.4316524,-23.593601,-0.82320017
0.23684211,0.1830761,9.67812,1.0139962,-0.18590702,-23.590857,-2.3229878,2.50254,-0.0069947205,217.63347,-1.4280742,-23.529276,-0.81972134
0.23809524,0.18341336,9.647782,1.011718,-0.18517677,-23.527023,-2.330091,2.5033126,-0.0069918116,217.57109,-1.4245079,-23.465094,-0.8162505
0.23934837,0.18374786,9.617541,1.0094421,-0.18444905,-23.46335,-2.3371456,2.5041049,-0.00698866,217.50888,-1.4209548,-23.401098,-0.81278807
0.24060151,0.18407983,9.587395,1.0071703,-0.18372725,-23.399858,-2.3441517,2.5048814,-0.006985318,217.44652,-1.4174174,-23.337276,-0.8093347
0.24185464,0.18440886,9.557328,1.0049024,-0.18300769,-23.336552,-2.3511066,2.5056458,-0.0069815204,217.38419,-1.4138914,-23.27359,-0.8058879
0.24310777,0.18473497,9.527358,1.0026383,-0.18229236,-23.273413,-2.358015,2.5064397,-0.0069775064,217.32205,-1.4103795,-23.210089,-0.8024501
0.2443609,0.18505852,9.497474,1.0003784,-0.1815817,-23.210417,-2.364873,2.5071836,-0.006973142,217.25981,-1.4068807,-23.146751,-0.7990202
0.24561404,0.18537931,9.46767,0.99812204,-0.18087505,-23.147623,-2.3716826,2.5079806,-0.006968584,217.19762,-1.403394,-23.083551,-0.7955964
0.24686716,0.1856974,9.4379635,0.99586886,-0.18017234,-23.08498,-2.3784425,2.5087302,-0.0069637015,217.13538,-1.3999213,-23.020538,-0.79218173
0.2481203,0.18601283,9.408343,0.993621,-0.17947344,-23.02251,-2.385155,2.5095086,-0.006958547,217.07317,-1.3964621,-22.957693,-0.78877455
0.24937344,0.18632573,9.378809,0.99137604,-0.17877989,-22.960209,-2.391818,2.5102625,-0.0069531645,217.01112,-1.393016,-22.895002,-0.7853747
0.25062656,0.18663596,9.349352,0.98913485,-0.17808832,-22.898066,-2.3984327,2.5110207,-0.006947441,216.94902,-1.38958,-22.832449,-0.78198075
0.2518797,0.18694349,9.319995,0.98689723,-0.17740251,-22.836096,-2.405,2.5117698,-0.0069414796,216.88683,-1.38616,-22.77008,-0.77859586
0.25313282,0.18724847,9.290718,0.9846631,-0.1767204,-22.774286,-2.4115193,2.512518,-0.006935143,216.82489,-1.3827507,-22.707865,-0.7752173
0.25438598,0.18755108,9.261527,0.9824329,-0.17604266,-22.712664,-2.4179904,2.5132697,-0.0069286353,216.76279,-1.3793547,-22.645811,-0.7718457
0.2556391,0.1878512,9.232421,0.98020655,-0.17536913,-22.651161,-2.424414,2.5140123,-0.0069219,216.70085,-1.3759716,-22.58392,-0.7684814
0.25689223,0.1881486,9.203394,0.9779839,-0.17470008,-22.589836,-2.4307888,2.5147438,-0.0069148634,216.63884,-1.3725989,-22.52217,-0.7651227
0.25814536,0.18844368,9.174457,0.9757646,-0.1740345,-22.528685,-2.4371185,2.5154908,-0.006907586,216.57697,-1.3692398,-22.460588,-0.7617717
0.2593985,0.18873641,9.145601,0.97354853,-0.17337327,-22.4677,-2.4433992,2.5162416,-0.006899995,216.51501,-1.3658931,-22.39916,-0.75842685
0.26065162,0.18902665,9.116836,0.9713371,-0.17271738,-22.406857,-2.4496348,2.5169733,-0.0068922,216.45316,-1.3625586,-22.337898,-0.75508916
0.26190478,0.18931462,9.088139,0.96912813,-0.17206497,-22.346182,-2.4558232,2.517714,-0.006884179,216.39133,-1.3592348,-22.276764,-0.75175625
0.2631579,0.18959989,9.059532,0.9669237,-0.17141636,-22.285664,-2.4619648,2.518447,-0.006875864,216.32948,-1.3559228,-22.215813,-0.7484307
0.26441103,0.18988308,9.031012,0.96472216,-0.17077236,-22.225313,-2.4680598,2.5191529,-0.006867344,216.26768,-1.3526236,-22.155014,-0.74511194
0.26566416,0.19016364,9.002571,0.9625248,-0.17013273,-22.16512,-2.4741104,2.5198846,-0.006858526,216.2059,-1.3493346,-22.094368,-0.7417985
0.2669173,0.190442,8.974209,0.96033067,-0.16949616,-22.105082,-2.480114,2.5206017,-0.006849557,216.1442,-1.3460579,-22.03387,-0.7384914
0.26817042,0.19071807,8.945935,0.95814055,-0.16886483,-22.045193,-2.4860728,2.521329,-0.006840308,216.08247,-1.3427919,-21.97354,-0.7351907
0.26942357,0.19099182,8.917738,0.9559537,-0.16823776,-21.98546,-2.4919853,2.5220492,-0.006830797,216.0209,-1.3395379,-21.913353,-0.7318956
0.2706767,0.19126351,8.889621,0.9537703,-0.16761436,-21.925882,-2.4978526,2.522756,-0.0068211043,215.9593,-1.3362945,-21.85332,-0.7286061
0.27192983,0.1915327,8.861581,0.95159084,-0.1669951,-21.866457,-2.5036747,2.5234516,-0.00681117,215.89761,-1.3330605,-21.79344,-0.72532225
0.27318296,0.19179969,8.833623,0.94941425,-0.16638048,-21.807184,-2.509453,2.524172,-0.0068009337,215.83607,-1.3298382,-21.733707,-0.72204405
0.2744361,0.1920646,8.805756,0.94724125,-0.16576983,-21.748075,-2.5151865,2.5248754,-0.006790594,215.7746,-1.3266289,-21.674143,-0.71877307
0.2756892,0.19232726,8.777953,0.9450727,-0.16516252,-21.689112,-2.5208745,2.5255835,-0.0067799855,215.71312,-1.3234268,-21.614721,-0.7155058
0.27694234,0.19258775,8.750234,0.9429071,-0.16455978,-21.630297,-2.5265183,2.526265,-0.006769155,215.65164,-1.3202364,-21.555449,-0.71224433
0.2781955,0.19284612,8.7225895,0.94074446,-0.1639622,-21.571634,-2.5321198,2.5269735,-0.0067580836,215.59027,-1.3170552,-21.496317,-0.7089885
0.27944863,0.19310233,8.695024,0.9385861,-0.16336697,-21.513113,-2.537676,2.5276752,-0.006746863,215.52885,-1.3138846,-21.437346,-0.70573735
0.28070176,0.19335648,8.667542,0.93643045,-0.16277677,-21.454752,-2.5431905,2.52835,-0.0067354045,215.46747,-1.3107245,-21.378529,-0.70249236
0.28195488,0.19360831,8.640134,0.9342794,-0.16219006,-21.396545,-2.5486608,2.5290356,-0.0067236912,215.40631,-1.3075731,-21.319855,-0.6992523
0.283208,0.19385841,8.612803,0.93213093,-0.16160788,-21.338472,-2.5540876,2.5297077,-0.0067118984,215.3449,-1.3044326,-21.261333,-0.69601727
0.28446114,0.1941061,8.585546,0.9299863,-0.16102958,-21.280544,-2.5594726,2.5303862,-0.006699781,215.2837,-1.3012993,-21.20296,-0.6927868
0.2857143,0.19435203,8.558364,0.92784524,-0.16045514,-21.222775,-2.564815,2.5310686,-0.0066874963,215.22252,-1.2981764,-21.144722,-0.68956167
0.28696743,0.1945957,8.53126,0.92570746,-0.15988448,-21.165144,-2.5701149,2.5317373,-0.006674983,215.16132,-1.2950617,-21.08664,-0.6863412
0.28822055,0.19483732,8.504231,0.92357314,-0.15931785,-21.10767,-2.575373,2.532405,-0.006662309,215.10016,-1.291956,-21.028706,-0.6831259
0.28947368,0.19507712,8.477276,0.92144233,-0.15875436,-21.050331,-2.5805886,2.5330544,-0.00664951,215.03917,-1.2888596,-20.970917,-0.6799153
0.2907268,0.19531476,8.4503975,0.91931534,-0.1581952,-20.993141,-2.5857623,2.533717,-0.0066363956,214.97809,-1.285771,-20.913273,-0.67670965
0.29197994,0.19555043,8.423596,0.9171913,-0.15763943,-20.936089,-2.5908964,2.534379,-0.0066231447,214.91702,-1.2826918,-20.855787,-0.67350864
0.2932331,0.1957841,8.396869,0.9150708,-0.15708764,-20.879189,-2.5959878,2.5350273,-0.006609671,214.8561,-1.2796202,-20.798443,-0.67031246
0.29448622,0.1960159,8.370209,0.9129538,-0.15653953,-20.822414,-2.6010396,2.5356822,-0.0065961066,214.79509,-1.2765557,-20.741232,-0.6671201
0.29573935,0.19624574,8.343626,0.91084087,-0.15599652,-20.76578,-2.60605,2.5363135,-0.0065822494,214.73424,-1.2735004,-20.684175,-0.6639332
0.29699248,0.19647372,8.317116,0.9087307,-0.15545523,-20.709297,-2.6110198,2.536958,-0.006568304,214.6733,-1.2704526,-20.627264,-0.66075057
0.2982456,0.19669992,8.290676,0.9066241,-0.15491973,-20.652964,-2.61595,2.5375984,-0.0065540913,214.61244,-1.267412,-20.570488,-0.6575719
0.29949874,0.196924,8.264314,0.90452135,-0.15438564,-20.596756,-2.6208413,2.5382364,-0.0065397467,214.55173,-1.2643793,-20.513874,-0.6543984
0.3007519,0.19714631,8.238013,0.9024217,-0.1538554,-20.540695,-2.6256921,2.5388515,-0.0065251975,214.4909,-1.2613531,-20.457376,-0.6512279
0.30200502,0.19736663,8.211792,0.9003256,-0.15332933,-20.484766,-2.6305034,2.5394843,-0.0065105753,214.43027,-1.2583334,-20.401035,-0.64806294
0.30325815,0.1975852,8.185643,0.89823335,-0.1528069,-20.428976,-2.635275,2.5401046,-0.006495737,214.36955,-1.2553217,-20.344845,-0.6449022
0.30451128,0.19780183,8.159564,0.89614457,-0.15228818,-20.373323,-2.6400087,2.5407217,-0.006480677,214.309,-1.252316,-20.288784,-0.6417455
0.3057644,0.19801655,8.133554,0.8940585,-0.15177171,-20.31781,-2.644703,2.5413353,-0.006465441,214.24837,-1.2493167,-20.23287,-0.63859284
0.30701753,0.19822958,8.1076145,0.8919762,-0.15125924,-20.262442,-2.6493602,2.5419376,-0.0064500775,214.18774,-1.2463244,-20.177103,-0.63544416
0.30827066,0.19844075,8.081746,0.8898981,-0.15075052,-20.20719,-2.6539786,2.5425365,-0.0064345547,214.1272,-1.2433379,-20.121477,-0.6323001
0.30952382,0.19865026,8.055943,0.88782257,-0.15024446,-20.152082,-2.6585593,2.5431352,-0.00641886,214.06665,-1.2403566,-20.06597,-0.6291595
0.31077695,0.19885804,8.030216,0.88575125,-0.14974304,-20.097113,-2.663102,2.543718,-0.0064030224,214.00627,-1.2373838,-20.010628,-0.626024
0.31203008,0.1990639,8.00455,0.88368285,-0.14924334,-20.042282,-2.6676073,2.544325,-0.006387026,213.94582,-1.234414,-19.955416,-0.6228912
0.3132832,0.19926816,7.9789567,0.8816181,-0.14874744,-19.98756,-2.6720777,2.5448892,-0.00637085,213.88545,-1.2314515,-19.900352,-0.6197633
0.31453633,0.19947052,7.9534283,0.8795568,-0.14825445,-19.932978,-2.6765087,2.545486,-0.006354563,213.82523,-1.2284925,-19.845407,-0.6166386
0.31578946,0.19967122,7.9279747,0.87749887,-0.14776495,-19.87855,-2.6809032,2.5460582,-0.0063380916,213.76485,-1.2255408,-19.790627,-0.6135185
0.31704262,0.19987002,7.9025826,0.8754454,-0.14727819,-19.824234,-2.685262,2.5466163,-0.0063214493,213.70459,-1.2225925,-19.735973,-0.610402
0.31829575,0.20006716,7.8772674,0.87339437,-0.1467946,-19.770063,-2.6895852,2.5471725,-0.006304598,213.6444,-1.2196507,-19.681473,-0.6072899
0.31954888,0.2002629,7.8520026,0.8713475,-0.14631441,-19.716011,-2.6938717,2.5477355,-0.006287757,213.5841,-1.2167119,-19.627073,-0.6041804
0.320802,0.20045666,7.826815,0.86930424,-0.14583789,-19.662088,-2.6981225,2.548281,-0.006270678,213.52399,-1.2137789,-19.572836,-0.60107535
0.32205513,0.20064881,7.8016934,0.8672633,-0.1453626,-19.608305,-2.7023385,2.5488546,-0.0062534455,213.46387,-1.2108492,-19.518738,-0.5979741
0.32330826,0.20083934,7.77664,0.86522657,-0.14489198,-19.554646,-2.7065208,2.5494087,-0.0062360684,213.40382,-1.2079256,-19.464771,-0.59487695
0.32456142,0.20102817,7.751645,0.86319387,-0.14442301,-19.501125,-2.7106664,2.5499215,-0.0062185493,213.34381,-1.2050047,-19.410938,-0.5917824
0.32581455,0.20121534,7.7267222,0.861164,-0.14395702,-19.447714,-2.7147772,2.550467,-0.0062009175,213.28372,-1.202088,-19.357256,-0.58869267
0.32706767,0.20140097,7.7018614,0.8591379,-0.14349431,-19.394438,-2.7188535,2.5509913,-0.00618315,213.22374,-1.1991756,-19.303688,-0.58560616
0.3283208,0.20158501,7.67707,0.85711557,-0.14303459,-19.34129,-2.7228973,2.551515,-0.0061652167,213.16379,-1.1962684,-19.25028,-0.58252394
0.32957393,0.20176741,7.652339,0.85509664,-0.1425775,-19.28827,-2.7269065,2.552033,-0.0061471695,213.10397,-1.1933632,-19.196983,-0.57944477
0.33082706,0.20194812,7.6276693,0.85308135,-0.1421225,-19.235365,-2.730883,2.552556,-0.006128938,213.04405,-1.1904609,-19.14383,-0.57636875
0.33208022,0.20212728,7.6030664,0.8510696,-0.14167085,-19.182596,-2.734824,2.5530708,-0.0061106225,212.98427,-1.1875628,-19.090816,-0.5732967
0.33333334,0.2023049,7.5785327,0.8490613,-0.1412214,-19.129957,-2.7387333,2.5535765,-0.0060921507,212.92436,-1.1846682,-19.03794,-0.57022905
0.33458647,0.20248076,7.554062,0.8470565,-0.14077492,-19.077436,-2.7426095,2.5540705,-0.006073574,212.86472,-1.1817765,-18.98519,-0.56716436
0.3358396,0.20265524,7.529649,0.8450551,-0.14033069,-19.025042,-2.7464528,2.5545661,-0.00605488,212.80489,-1.1788878,-18.932577,-0.56410307
0.33709273,0.20282811,7.505303,0.84305763,-0.13988961,-18.972782,-2.7502644,2.5550492,-0.0060359915,212.74527,-1.1760019,-18.880104,-0.56104577
0.33834586,0.20299965,7.48102,0.8410643,-0.139451,-18.920635,-2.7540448,2.555536,-0.0060170647,212.68558,-1.1731201,-18.827755,-0.55799204
0.339599,0.20316948,7.456797,0.83907324,-0.13901402,-18.868605,-2.75779,2.5560114,-0.0059979754,212.62596,-1.1702392,-18.775547,-0.55494124
0.34085214,0.20333771,7.432635,0.83708644,-0.13858026,-18.816713,-2.7615058,2.5564957,-0.005978693,212.5663,-1.167361,-18.723457,-0.5518937
0.34210527,0.20350458,7.408533,0.8351041,-0.1381486,-18.76492,-2.7651916,2.5569437,-0.005959358,212.50673,-1.1644852,-18.671505,-0.54884976
0.3433584,0.20366992,7.384497,0.8331248,-0.13771923,-18.713272,-2.7688446,2.557409,-0.0059398664,212.44722,-1.161613,-18.61969,-0.5458101
0.34461153,0.20383361,7.36052,0.83114904,-0.13729338,-18.661736,-2.7724671,2.5578814,-0.005920224,212.38774,-1.1587409,-18.568,-0.5427729
0.34586465,0.20399593,7.336606,0.82917684,-0.13686864,-18.610321,-2.7760575,2.5583177,-0.005900545,212.32817,-1.1558727,-18.516445,-0.5397397
0.34711778,0.20415671,7.312754,0.8272085,-0.13644607,-18.55903,-2.7796204,2.55877,-0.005880706,212.26878,-1.1530058,-18.465025,-0.5367099
0.34837094,0.20431624,7.288962,0.825243,-0.13602701,-18.50785,-2.783151,2.5591993,-0.005860751,212.20941,-1.1501421,-18.41373,-0.5336833
0.34962407,0.20447399,7.2652287,0.8232818,-0.13560946,-18.456795,-2.7866518,2.5596368,-0.005840611,212.15001,-1.147278,-18.362566,-0.53066003
0.3508772,0.20463054,7.2415605,0.82132465,-0.13519332,-18.405859,-2.7901232,2.5600796,-0.005820427,212.09068,-1.1444176,-18.311535,-0.52764094
0.35213032,0.20478542,7.2179456,0.81937087,-0.13478044,-18.35505,-2.793565,2.560507,-0.0058001,212.03139,-1.1415582,-18.260635,-0.52462417
0.35338345,0.20493902,7.1943913,0.81742024,-0.13436913,-18.304356,-2.7969773,2.5609221,-0.005779726,211.9721,-1.1387001,-18.20986,-0.52161086
0.35463658,0.20509112,7.1708956,0.8154739,-0.13396035,-18.253769,-2.8003612,2.5613422,-0.0057591647,211.9128,-1.1358433,-18.159203,-0.5186008
0.35588974,0.20524177,7.147467,0.813531,-0.13355358,-18.203302,-2.8037162,2.561756,-0.005738524,211.85368,-1.1329887,-18.108696,-0.5155951
0.35714287,0.20539132,7.1240897,0.81159186,-0.1331484,-18.152967,-2.807043,2.5621576,-0.005717796,211.79442,-1.1301359,-18.058294,-0.51259196
0.358396,0.20553927,7.1007752,0.80965656,-0.13274606,-18.102741,-2.8103414,2.5625463,-0.0056968997,211.73524,-1.1272845,-18.00804,-0.50959253
0.35964912,0.2056857,7.0775146,0.8077253,-0.13234492,-18.052637,-2.813611,2.562953,-0.0056759287,211.67612,-1.1244328,-17.957901,-0.5065957
0.36090225,0.20583098,7.054321,0.80579686,-0.13194673,-18.002642,-2.8168535,2.5633357,-0.005654888,211.61702,-1.1215856,-17.907906,-0.5036031
0.36215538,0.20597455,7.031181,0.80387306,-0.13154933,-17.952765,-2.8200696,2.563713,-0.005633675,211.55798,-1.1187363,-17.858025,-0.50061363
0.36340854,0.20611684,7.008093,0.8019525,-0.13115466,-17.903008,-2.8232563,2.5641165,-0.005612318,211.49886,-1.1158881,-17.808271,-0.49762633
0.36466166,0.20625794,6.98507,0.8000359,-0.13076168,-17.853361,-2.8264172,2.5644734,-0.005590933,211.43982,-1.1130435,-17.758644,-0.49464342
0.3659148,0.2063977,6.9621005,0.79812276,-0.13037084,-17.803835,-2.829551,2.5648458,-0.005569422,211.38077,-1.1101985,-17.709143,-0.49166328
0.36716792,0.20653589,6.9391937,0.79621434,-0.12998171,-17.75442,-2.8326566,2.5652144,-0.005547799,211.32185,-1.1073551,-17.659775,-0.48868722
0.36842105,0.20667303,6.916341,0.79430896,-0.12959398,-17.705114,-2.8357368,2.5655658,-0.0055261245,211.26283,-1.1045133,-17.610521,-0.48571396
0.36967418,0.2068086,6.8935466,0.7924075,-0.12920862,-17.655945,-2.8387916,2.565913,-0.0055041974,211.20392,-1.1016716,-17.56141,-0.48274407
0.37092733,0.20694296,6.8708096,0.7905096,-0.12882446,-17.60688,-2.84182,2.566271,-0.005482334,211.14507,-1.0988322,-17.512411,-0.47977751
0.37218046,0.20707577,6.8481264,0.78861564,-0.12844305,-17.557919,-2.8448226,2.5665984,-0.0054603405,211.0862,-1.0959916,-17.463545,-0.4768137
0.3734336,0.20720755,6.8255053,0.7867259,-0.12806226,-17.509077,-2.8477983,2.5669286,-0.0054381914,211.02734,-1.0931544,-17.414797,-0.47385412
0.37468672,0.20733799,6.8029337,0.7848397,-0.12768365,-17.460354,-2.8507504,2.5672596,-0.0054159337,210.96848,-1.0903169,-17.36617,-0.47089684
0.37593985,0.20746705,6.7804213,0.7829571,-0.12730627,-17.41173,-2.8536766,2.5675778,-0.0053936676,210.90962,-1.0874803,-17.317677,-0.4679432
0.37719297,0.20759472,6.7579618,0.78107876,-0.12693067,-17.363226,-2.8565786,2.5679026,-0.0053712022,210.85086,-1.0846447,-17.269287,-0.4649923
0.3784461,0.2077212,6.7355595,0.7792039,-0.12655653,-17.314837,-2.8594549,2.5681953,-0.005348687,210.7922,-1.0818104,-17.22103,-0.46204484
0.37969926,0.20784649,6.7132106,0.77733326,-0.12618472,-17.266554,-2.8623078,2.5685108,-0.005326095,210.73335,-1.0789768,-17.172894,-0.45910046
0.3809524,0.2079704,6.690924,0.77546674,-0.12581544,-17.218401,-2.8651345,2.5688126,-0.005303385,210.67468,-1.0761447,-17.124897,-0.45616025
0.38220552,0.20809318,6.6686893,0.7736038,-0.1254459,-17.170343,-2.8679392,2.5691154,-0.0052806213,210.61595,-1.0733143,-17.077015,-0.45322287
0.38345864,0.20821463,6.646511,0.77174497,-0.12507902,-17.122408,-2.8707182,2.5694044,-0.0052577783,210.55734,-1.0704848,-17.029243,-0.45028874
0.38471177,0.2083347,6.6243854,0.76989007,-0.1247128,-17.074583,-2.8734763,2.5696912,-0.005234718,210.49878,-1.0676558,-16.981606,-0.44735765
0.3859649,0.20845392,6.6023154,0.76803845,-0.124349065,-17.026867,-2.8762088,2.5699563,-0.005211649,210.4401,-1.0648288,-16.93408,-0.44442979
0.38721806,0.20857134,6.580301,0.7661911,-0.12398616,-16.979254,-2.8789184,2.5702403,-0.005188463,210.38152,-1.0620011,-16.886688,-0.44150499
0.3884712,0.20868792,6.5583377,0.7643479,-0.123624735,-16.931767,-2.881605,2.5705056,-0.0051652277,210.3229,-1.0591761,-16.839403,-0.4385833
0.3897243,0.2088032,6.536431,0.76250875,-0.12326517,-16.884365,-2.8842707,2.5707614,-0.005141836,210.26431,-1.0563525,-16.792234,-0.4356653
0.39097744,0.20891704,6.5145793,0.76067346,-0.122907124,-16.837109,-2.886912,2.5710337,-0.00511836,210.20573,-1.0535296,-16.745203,-0.4327502
0.39223057,0.20903,6.4927826,0.7588423,-0.12255046,-16.78994,-2.8895304,2.5712702,-0.0050949007,210.14726,-1.0507089,-16.698284,-0.4298387
0.3934837,0.2091416,6.4710364,0.757015,-0.12219501,-16.742897,-2.8921268,2.5715158,-0.0050712572,210.08882,-1.0478896,-16.651474,-0.42692998
0.39473686,0.20925213,6.449345,0.75519174,-0.12184075,-16.69594,-2.8947027,2.5717473,-0.0050476226,210.03035,-1.0450723,-16.604794,-0.4240247
0.39598998,0.2093612,6.427708,0.75337213,-0.12148792,-16.649113,-2.8972566,2.5719957,-0.0050237235,209.97171,-1.0422552,-16.558226,-0.42112225
0.3972431,0.20946912,6.4061275,0.751557,-0.121137,-16.602388,-2.899786,2.5722191,-0.0049998886,209.91335,-1.039441,-16.51179,-0.41822356
0.39849624,0.20957619,6.384597,0.74974555,-0.120787024,-16.555769,-2.9022975,2.572433,-0.004976013,209.85497,-1.0366291,-16.465454,-0.4153278
0.39974937,0.20968188,6.363122,0.7479385,-0.12043913,-16.509253,-2.9047873,2.5726447,-0.004951938,209.79645,-1.0338188,-16.419245,-0.41243565
0.4010025,0.20978619,6.3416953,0.74613506,-0.12009139,-16.462877,-2.9072552,2.572862,-0.0049278187,209.73814,-1.0310087,-16.37315,-0.40954545
0.40225565,0.2098896,6.3203254,0.74433583,-0.11974528,-16.416588,-2.9097035,2.573066,-0.0049035647,209.67972,-1.028202,-16.327173,-0.40665954
0.40350878,0.20999181,6.2990065,0.7425403,-0.119401164,-16.370413,-2.9121292,2.5732772,-0.004879322,209.62126,-1.0253975,-16.281301,-0.40377623
0.4047619,0.21009284,6.277745,0.74075,-0.11905825,-16.32434,-2.9145365,2.5734506,-0.004854892,209.56306,-1.0225961,-16.235567,-0.40089706
0.40601504,0.21019244,6.256528,0.7389627,-0.11871613,-16.278393,-2.9169226,2.5736487,-0.004830429,209.50456,-1.0197943,-16.18993,-0.39801967
0.40726817,0.21029124,6.2353697,0.7371799,-0.118375376,-16.232525,-2.9192889,2.5738263,-0.0048058834,209.44641,-1.0169975,-16.144413,-0.3951465
0.4085213,0.21038884,6.214264,0.7354015,-0.11803627,-16.186792,-2.9216347,2.5739923,-0.0047813123,209.38817,-1.0142028,-16.099022,-0.39227661
0.40977442,0.21048526,6.1932054,0.73362666,-0.117698684,-16.14116,-2.923962,2.5741594,-0.0047566206,209.3298,-1.0114094,-16.05372,-0.389409
0.41102758,0.21058057,6.1722054,0.73185617,-0.117361255,-16.095627,-2.9262702,2.5743256,-0.0047318637,209.27153,-1.0086207,-16.008554,-0.38654557
0.4122807,0.2106747,6.1512527,0.73009014,-0.117026,-16.050209,-2.928558,2.5744789,-0.0047069406,209.21332,-1.0058335,-15.963492,-0.3836847
0.41353384,0.21076785,6.130357,0.728328,-0.11669089,-16.0049,-2.9308271,2.5746171,-0.004682079,209.1551,-1.003051,-15.918554,-0.38082775
0.41478696,0.21085982,6.1095133,0.72657007,-0.116357826,-15.959701,-2.9330766,2.5747583,-0.0046570264,209.0969,-1.000271,-15.873729,-0.377974
0.4160401,0.21095067,6.0887165,0.724817,-0.1160259,-15.914611,-2.9353092,2.574896,-0.00463195,209.03864,-0.99749434,-15.829005,-0.37512285
0.41729322,0.21104056,6.0679717,0.7230668,-0.11569538,-15.869606,-2.9375217,2.575042,-0.0046067983,208.98045,-0.9947211,-15.784397,-0.3722749
0.41854638,0.21112934,6.047282,0.7213216,-0.11536595,-15.824727,-2.9397154,2.5751615,-0.004581544,208.92224,-0.991952,-15.739903,-0.36943072
0.4197995,0.21121676,6.0266423,0.71958023,-0.11503717,-15.779955,-2.9418917,2.5752687,-0.0045562345,208.86417,-0.98918515,-15.695521,-0.3665891
0.42105263,0.21130331,6.0060563,0.71784383,-0.11470988,-15.735291,-2.9440506,2.5753877,-0.004530854,208.806,-0.9864241,-15.651259,-0.3637516
0.42230576,0.2113887,5.9855175,0.7161109,-0.1143844,-15.690733,-2.9461899,2.5754907,-0.0045053964,208.74786,-0.9836661,-15.607085,-0.36091655
0.4235589,0.21147308,5.965034,0.71438223,-0.1140589,-15.646288,-2.948314,2.5755923,-0.004479903,208.68987,-0.9809125,-15.563036,-0.35808513
0.42481202,0.21155626,5.9446025,0.7126579,-0.11373541,-15.601929,-2.9504182,2.5757036,-0.0044542705,208.63168,-0.9781627,-15.519101,-0.35525706
0.42606518,0.21163858,5.9242153,0.7109382,-0.113412805,-15.557701,-2.9525068,2.5757737,-0.0044286344,208.57349,-0.97541845,-15.475256,-0.35243174
0.4273183,0.21171992,5.9038835,0.709222,-0.11309163,-15.513571,-2.9545777,2.5758488,-0.0044028712,208.51553,-0.9726789,-15.431533,-0.34960982
0.42857143,0.21179998,5.883601,0.7075108,-0.11277244,-15.46955,-2.95663,2.5759149,-0.0043770582,208.45746,-0.969943,-15.387915,-0.34679115
0.42982456,0.21187907,5.8633757,0.70580333,-0.11245277,-15.425637,-2.9586687,2.575988,-0.00435116,208.39935,-0.96721345,-15.344415,-0.3439765
0.4310777,0.21195707,5.843196,0.70410085,-0.11213413,-15.381811,-2.9606893,2.5760424,-0.0043251854,208.34123,-0.964488,-15.301021,-0.34116432
0.43233082,0.21203406,5.8230677,0.7024027,-0.111818425,-15.3381195,-2.9626927,2.576094,-0.004299193,208.28325,-0.961769,-15.257728,-0.33835566
0.43358397,0.2121101,5.802993,0.7007079,-0.111502,-15.294518,-2.9646807,2.5761194,-0.004273092,208.22528,-0.95905536,-15.214542,-0.3355509
0.4348371,0.21218506,5.7829633,0.69901794,-0.11118787,-15.251023,-2.9666536,2.5761611,-0.0042469585,208.16733,-0.9563466,-15.171469,-0.33274835
0.43609023,0.2122589,5.76299,0.69733244,-0.11087435,-15.207641,-2.9686081,2.5761971,-0.0042207288,208.10931,-0.95364404,-15.128491,-0.32995003
0.43734336,0.21233173,5.7430644,0.6956516,-0.11056196,-15.164364,-2.970547,2.5762155,-0.004194466,208.0513,-0.95094717,-15.085633,-0.32715455
0.4385965,0.21240377,5.723186,0.693974,-0.11025078,-15.121189,-2.9724715,2.576223,-0.0041680033,207.99341,-0.9482569,-15.042859,-0.3243623
0.43984962,0.21247447,5.70336,0.6923016,-0.109941036,-15.078135,-2.9743803,2.5762403,-0.004141666,207.93538,-0.945572,-15.000207,-0.32157335
0.44110274,0.21254453,5.683585,0.6906336,-0.10963197,-15.035171,-2.976274,2.576229,-0.00411518,207.87755,-0.9428948,-14.957652,-0.3187882
0.4423559,0.21261336,5.6638637,0.6889695,-0.109324716,-14.992316,-2.9781525,2.5762289,-0.004088611,207.81953,-0.9402248,-14.915211,-0.31600648
0.44360903,0.21268132,5.6441903,0.6873099,-0.1090173,-14.949562,-2.9800146,2.5762107,-0.0040619737,207.76175,-0.9375607,-14.872866,-0.31322792
0.44486216,0.21274795,5.624561,0.6856551,-0.108712174,-14.906918,-2.981864,2.576199,-0.0040353,207.70383,-0.9349021,-14.83061,-0.31045195
0.4461153,0.21281414,5.604988,0.6840042,-0.10840701,-14.86439,-2.983696,2.5761592,-0.004008616,207.64592,-0.9322536,-14.788474,-0.30768073
0.4473684,0.21287914,5.585463,0.68235844,-0.10810362,-14.821962,-2.985515,2.5761187,-0.00398176,207.58803,-0.9296111,-14.746435,-0.30491233
0.44862154,0.21294306,5.5659947,0.68071645,-0.10780172,-14.779635,-2.9873202,2.5760643,-0.003954879,207.53021,-0.92697763,-14.70451,-0.30214837
0.4498747,0.21300602,5.546567,0.6790792,-0.107499994,-14.737417,-2.9891105,2.5760245,-0.003927995,207.47237,-0.9243502,-14.662666,-0.29938674
0.45112783,0.21306814,5.5271955,0.677446,-0.10720132,-14.695302,-2.9908864,2.5759664,-0.0039009661,207.4145,-0.92173207,-14.620941,-0.29662946
0.45238096,0.21312928,5.5078683,0.67581743,-0.10690195,-14.653294,-2.9926493,2.5759017,-0.003873961,207.35666,-0.9191208,-14.5793,-0.29387468
0.45363408,0.21318933,5.488591,0.67419356,-0.10660395,-14.61139,-2.9943964,2.5758228,-0.0038468374,207.29874,-0.9165181,-14.537762,-0.2911236
0.4548872,0.2132486,5.469366,0.6725738,-0.10630745,-14.569587,-2.9961317,2.5757258,-0.0038196733,207.2411,-0.91392356,-14.496328,-0.28837672
0.45614034,0.21330689,5.450194,0.670959,-0.106012106,-14.527905,-2.997853,2.575648,-0.0037925232,207.18324,-0.911339,-14.454999,-0.28563374
0.4573935,0.21336411,5.431062,0.669348,-0.10571747,-14.486306,-2.9995604,2.5755556,-0.003765183,207.12552,-0.9087615,-14.413754,-0.28289318
0.45864663,0.21342057,5.4119883,0.66774154,-0.10542433,-14.444835,-3.0012562,2.5754397,-0.003737854,207.06772,-0.90619475,-14.372619,-0.28015736
0.45989975,0.21347605,5.3929605,0.6661399,-0.10513154,-14.403457,-3.0029364,2.5753164,-0.003710522,207.01,-0.9036362,-14.331574,-0.2774246
0.46115288,0.21353056,5.37398,0.6645433,-0.10484024,-14.362191,-3.004605,2.57519,-0.0036829875,206.95226,-0.9010863,-14.290627,-0.27469552
0.462406,0.21358405,5.3550553,0.6629502,-0.104551315,-14.321027,-3.0062613,2.5750444,-0.0036555142,206.89453,-0.89854664,-14.249788,-0.2719709
0.46365914,0.21363676,5.336178,0.66136193,-0.10426228,-14.279971,-3.0079045,2.5749066,-0.0036279606,206.8368,-0.89601696,-14.209039,-0.2692497
0.4649123,0.21368867,5.317345,0.6597779,-0.103974134,-14.239012,-3.0095358,2.574761,-0.003600309,206.77916,-0.89349633,-14.168382,-0.26653197
0.46616542,0.21373944,5.298565,0.6581992,-0.10368792,-14.198164,-3.0111527,2.5746028,-0.003572647,206.7214,-0.8909858,-14.127817,-0.26381832
0.46741855,0.21378948,5.279831,0.65662396,-0.10340334,-14.157418,-3.0127597,2.5744362,-0.0035449434,206.66373,-0.8884856,-14.087342,-0.26110816
0.46867168,0.21383849,5.261151,0.655054,-0.10311898,-14.1167755,-3.0143518,2.5742688,-0.0035171644,206.6061,-0.8859957,-14.046981,-0.2584025
0.4699248,0.21388657,5.2425175,0.65348816,-0.10283553,-14.076252,-3.0159342,2.574078,-0.0034893707,206.54851,-0.88351566,-14.006697,-0.2557004
0.47117794,0.21393394,5.223935,0.65192723,-0.10255393,-14.035825,-3.0175037,2.5738811,-0.0034614042,206.49088,-0.8810469,-13.96652,-0.2530029
0.47243106,0.21398026,5.2053995,0.65037125,-0.10227271,-13.995504,-3.0190618,2.5736704,-0.0034334033,206.43326,-0.87858826,-13.926426,-0.250309
0.47368422,0.21402593,5.1869097,0.6488185,-0.10199309,-13.955276,-3.0206087,2.5734618,-0.0034054911,206.37572,-0.87614024,-13.886423,-0.2476184
0.47493735,0.21407051,5.1684737,0.6472712,-0.1017149,-13.915165,-3.022143,2.573249,-0.0033774385,206.31808,-0.87370384,-13.846518,-0.24493288
0.47619048,0.21411441,5.1500854,0.64572847,-0.10143813,-13.875151,-3.023667,2.5730152,-0.0033494048,206.2605,-0.87127835,-13.806704,-0.24225149
0.4774436,0.21415728,5.131745,0.64419043,-0.10116111,-13.835248,-3.0251799,2.5727708,-0.0033212572,206.20291,-0.86886346,-13.766974,-0.23957384
0.47869673,0.21419933,5.1134515,0.6426565,-0.100886986,-13.795451,-3.02668,2.572544,-0.003293083,206.14532,-0.8664595,-13.727339,-0.23690028
0.47994986,0.2142407,5.095212,0.6411274,-0.10061295,-13.755758,-3.0281694,2.572264,-0.0032647792,206.0878,-0.864069,-13.687798,-0.23423207
0.48120302,0.21428098,5.0770164,0.639603,-0.1003399,-13.716174,-3.0296502,2.5720048,-0.0032365758,206.03032,-0.86168814,-13.648342,-0.23156705
0.48245615,0.21432047,5.0588694,0.6380828,-0.100068785,-13.676683,-3.0311184,2.5717347,-0.0032081997,205.97275,-0.8593187,-13.608975,-0.22890674
0.48370928,0.21435909,5.0407767,0.63656723,-0.09979868,-13.637304,-3.0325763,2.5714486,-0.0031797863,205.9153,-0.8569628,-13.569704,-0.22625166
0.4849624,0.21439679,5.0227237,0.63505656,-0.099530056,-13.598027,-3.0340233,2.571166,-0.0031513765,205.85774,-0.8546163,-13.530509,-0.22359946
0.48621553,0.21443401,5.0047216,0.6335506,-0.09926196,-13.558853,-3.0354607,2.5708454,-0.0031228971,205.80028,-0.85228336,-13.491404,-0.22095278
0.48746866,0.2144701,4.98677,0.63204896,-0.0989955,-13.519783,-3.0368876,2.570529,-0.0030943002,205.7428,-0.8499622,-13.452392,-0.21831056
0.48872182,0.21450536,4.96887,0.6305521,-0.09873052,-13.480823,-3.0383046,2.57022,-0.003065785,205.68538,-0.84765327,-13.413475,-0.21567367
0.48997495,0.21453987,4.951013,0.62905926,-0.09846596,-13.441967,-3.0397115,2.5698824,-0.0030372,205.62785,-0.84535605,-13.374625,-0.21304059
0.49122807,0.21457356,4.933208,0.62757206,-0.0982031,-13.403215,-3.0411077,2.569528,-0.0030085924,205.57056,-0.84307176,-13.335873,-0.21041316
0.4924812,0.2146065,4.9154496,0.6260889,-0.097942784,-13.364565,-3.0424953,2.569191,-0.0029798439,205.51303,-0.8408,-13.297213,-0.20779021
0.49373433,0.21463868,4.8977404,0.6246105,-0.09768195,-13.326016,-3.043871,2.5688107,-0.002951141,205.45572,-0.8385404,-13.258634,-0.2051724
0.49498746,0.21467009,4.8800793,0.6231362,-0.09742229,-13.28758,-3.0452385,2.5684533,-0.0029223287,205.39836,-0.8362939,-13.220131,-0.20255946
0.49624062,0.2147005,4.8624644,0.6216678,-0.09716489,-13.249241,-3.0465963,2.5680642,-0.002893534,205.34088,-0.83405817,-13.181721,-0.19995141
0.49749374,0.21473019,4.8448963,0.6202023,-0.09690706,-13.211002,-3.0479455,2.5676644,-0.00286463,205.28358,-0.83183575,-13.143382,-0.19734813
0.49874687,0.21475914,4.827381,0.61874276,-0.09665223,-13.172874,-3.0492845,2.567294,-0.002835758,205.22618,-0.8296268,-13.105146,-0.19475104
0.5,0.21478738,4.809912,0.61728716,-0.09639829,-13.134848,-3.050616,2.566872,-0.0028067876,205.16882,-0.8274307,-13.066985,-0.19215907
